TRUNCATE TABLE 
	alojamientos,
	usuarios, 
	calificaciones,
	dt_direccion,
	dt_servicios,
	facturas,
	habitaciones,
	huesped_push_tokens,
	recuperaciones,
	reservas
CASCADE;

INSERT INTO usuarios 
(id, activo, bloqueado,	estado,   nombre, apellido, email, dtype, pass, user_id, calificacion_global)
VALUES
( 1001, TRUE,     FALSE,       NULL, 'nomAd 1001', 'apeAd 1001', 'emailAd 1001', 'Ad', 'adPass 1001', NULL,  1000 ), 
( 1002, TRUE,     FALSE,       NULL, 'nomAd 1002', 'apeAd 1002', 'emailAd 1002', 'Ad', 'adPass 1002', NULL,  1000 ), 
( 1003, TRUE,     FALSE,       NULL, 'nomAd 1003', 'apeAd 1003', 'emailAd 1003', 'Ad', 'adPass 1003', NULL,  1000 ), 
( 1004, TRUE,     FALSE,       NULL, 'nomAd 1004', 'apeAd 1004', 'emailAd 1004', 'Ad', 'adPass 1004', NULL,  1000 ), 
( 1005, FALSE,     FALSE,       NULL, 'nomAd 1005', 'apeAd 1005', 'emailAd 1005', 'Ad', 'adPass 1005', NULL,  1000 ), 
( 1006, TRUE,     FALSE,       NULL, 'nomAd 1006', 'apeAd 1006', 'emailAd 1006', 'Ad', 'adPass 1006', NULL,  1000 ), 
( 1007, TRUE,     TRUE,       NULL, 'nomAd 1007', 'apeAd 1007', 'emailAd 1007', 'Ad', 'adPass 1007', NULL,  1000 ), 
( 1008, TRUE,     FALSE,       NULL, 'nomAd 1008', 'apeAd 1008', 'emailAd 1008', 'Ad', 'adPass 1008', NULL,  1000 ), 
( 1009, TRUE,     FALSE,       NULL, 'nomAd 1009', 'apeAd 1009', 'emailAd 1009', 'Ad', 'adPass 1009', NULL,  1000 ), 
( 10010, TRUE,     FALSE,       NULL, 'nomAd 10010', 'apeAd 10010', 'emailAd 10010', 'Ad', 'adPass 10010', NULL,  1000 ), 
( 10011, TRUE,     FALSE,       NULL, 'nomAd 10011', 'apeAd 10011', 'emailAd 10011', 'Ad', 'adPass 10011', NULL,  1000 ), 
( 10012, TRUE,     FALSE,       NULL, 'nomAd 10012', 'apeAd 10012', 'emailAd 10012', 'Ad', 'adPass 10012', NULL,  1000 ), 
( 10013, FALSE,     FALSE,       NULL, 'nomAd 10013', 'apeAd 10013', 'emailAd 10013', 'Ad', 'adPass 10013', NULL,  1000 ), 
( 10014, TRUE,     FALSE,       NULL, 'nomAd 10014', 'apeAd 10014', 'emailAd 10014', 'Ad', 'adPass 10014', NULL,  1000 ), 
( 10015, TRUE,     FALSE,       NULL, 'nomAd 10015', 'apeAd 10015', 'emailAd 10015', 'Ad', 'adPass 10015', NULL,  1000 ), 
( 10016, TRUE,     FALSE,       NULL, 'nomAd 10016', 'apeAd 10016', 'emailAd 10016', 'Ad', 'adPass 10016', NULL,  1000 ), 
( 10017, TRUE,     FALSE,       NULL, 'nomAd 10017', 'apeAd 10017', 'emailAd 10017', 'Ad', 'adPass 10017', NULL,  1000 ), 
( 10018, TRUE,     FALSE,       NULL, 'nomAd 10018', 'apeAd 10018', 'emailAd 10018', 'Ad', 'adPass 10018', NULL,  1000 ), 
( 10019, TRUE,     FALSE,       NULL, 'nomAd 10019', 'apeAd 10019', 'emailAd 10019', 'Ad', 'adPass 10019', NULL,  1000 ), 
( 10020, TRUE,     FALSE,       NULL, 'nomAd 10020', 'apeAd 10020', 'emailAd 10020', 'Ad', 'adPass 10020', NULL,  1000 ), 
( 10021, TRUE,     FALSE,       'APROBADO', 'nomAn 10021', 'apeAn 10021', 'emailAn 10021', 'An', 'anPass 10021', NULL,  1000 ), 
( 10022, TRUE,     FALSE,       'APROBADO', 'nomAn 10022', 'apeAn 10022', 'emailAn 10022', 'An', 'anPass 10022', NULL,  1000 ), 
( 10023, FALSE,     FALSE,       'APROBADO', 'nomAn 10023', 'apeAn 10023', 'emailAn 10023', 'An', 'anPass 10023', NULL,  1000 ), 
( 10024, TRUE,     FALSE,       'APROBADO', 'nomAn 10024', 'apeAn 10024', 'emailAn 10024', 'An', 'anPass 10024', NULL,  1000 ), 
( 10025, TRUE,     FALSE,       'APROBADO', 'nomAn 10025', 'apeAn 10025', 'emailAn 10025', 'An', 'anPass 10025', NULL,  1000 ), 
( 10026, TRUE,     FALSE,       'APROBADO', 'nomAn 10026', 'apeAn 10026', 'emailAn 10026', 'An', 'anPass 10026', NULL,  1000 ), 
( 10027, TRUE,     FALSE,       'APROBADO', 'nomAn 10027', 'apeAn 10027', 'emailAn 10027', 'An', 'anPass 10027', NULL,  1000 ), 
( 10028, TRUE,     FALSE,       'APROBADO', 'nomAn 10028', 'apeAn 10028', 'emailAn 10028', 'An', 'anPass 10028', NULL,  1000 ), 
( 10029, TRUE,     FALSE,       'APROBADO', 'nomAn 10029', 'apeAn 10029', 'emailAn 10029', 'An', 'anPass 10029', NULL,  1000 ), 
( 10030, TRUE,     FALSE,       'APROBADO', 'nomAn 10030', 'apeAn 10030', 'emailAn 10030', 'An', 'anPass 10030', NULL,  1000 ), 
( 10031, TRUE,     FALSE,       'PENDIENTE', 'nomAn 10031', 'apeAn 10031', 'emailAn 10031', 'An', 'anPass 10031', NULL,  1000 ), 
( 10032, TRUE,     FALSE,       'APROBADO', 'nomAn 10032', 'apeAn 10032', 'emailAn 10032', 'An', 'anPass 10032', NULL,  1000 ), 
( 10033, FALSE,     FALSE,       'APROBADO', 'nomAn 10033', 'apeAn 10033', 'emailAn 10033', 'An', 'anPass 10033', NULL,  1000 ), 
( 10034, TRUE,     FALSE,       'APROBADO', 'nomAn 10034', 'apeAn 10034', 'emailAn 10034', 'An', 'anPass 10034', NULL,  1000 ), 
( 10035, TRUE,     TRUE,       'APROBADO', 'nomAn 10035', 'apeAn 10035', 'emailAn 10035', 'An', 'anPass 10035', NULL,  1000 ), 
( 10036, TRUE,     FALSE,       'RECHAZADO', 'nomAn 10036', 'apeAn 10036', 'emailAn 10036', 'An', 'anPass 10036', NULL,  1000 ), 
( 10037, TRUE,     FALSE,       'APROBADO', 'nomAn 10037', 'apeAn 10037', 'emailAn 10037', 'An', 'anPass 10037', NULL,  1000 ), 
( 10038, TRUE,     TRUE,       'APROBADO', 'nomAn 10038', 'apeAn 10038', 'emailAn 10038', 'An', 'anPass 10038', NULL,  1000 ), 
( 10039, TRUE,     FALSE,       'APROBADO', 'nomAn 10039', 'apeAn 10039', 'emailAn 10039', 'An', 'anPass 10039', NULL,  1000 ), 
( 10040, TRUE,     FALSE,       'PENDIENTE', 'nomAn 10040', 'apeAn 10040', 'emailAn 10040', 'An', 'anPass 10040', NULL,  1000 ), 
( 10041, TRUE,     FALSE,       'APROBADO', 'nomAn 10041', 'apeAn 10041', 'emailAn 10041', 'An', 'anPass 10041', NULL,  1000 ), 
( 10042, TRUE,     FALSE,       'APROBADO', 'nomAn 10042', 'apeAn 10042', 'emailAn 10042', 'An', 'anPass 10042', NULL,  1000 ), 
( 10043, FALSE,     FALSE,       'APROBADO', 'nomAn 10043', 'apeAn 10043', 'emailAn 10043', 'An', 'anPass 10043', NULL,  1000 ), 
( 10044, TRUE,     FALSE,       'APROBADO', 'nomAn 10044', 'apeAn 10044', 'emailAn 10044', 'An', 'anPass 10044', NULL,  1000 ), 
( 10045, TRUE,     FALSE,       'APROBADO', 'nomAn 10045', 'apeAn 10045', 'emailAn 10045', 'An', 'anPass 10045', NULL,  1000 ), 
( 10046, TRUE,     FALSE,       'APROBADO', 'nomAn 10046', 'apeAn 10046', 'emailAn 10046', 'An', 'anPass 10046', NULL,  1000 ), 
( 10047, TRUE,     FALSE,       'APROBADO', 'nomAn 10047', 'apeAn 10047', 'emailAn 10047', 'An', 'anPass 10047', NULL,  1000 ), 
( 10048, TRUE,     FALSE,       'APROBADO', 'nomAn 10048', 'apeAn 10048', 'emailAn 10048', 'An', 'anPass 10048', NULL,  1000 ), 
( 10049, TRUE,     FALSE,       'APROBADO', 'nomAn 10049', 'apeAn 10049', 'emailAn 10049', 'An', 'anPass 10049', NULL,  1000 ), 
( 10050, TRUE,     FALSE,       'APROBADO', 'nomAn 10050', 'apeAn 10050', 'emailAn 10050', 'An', 'anPass 10050', NULL,  1000 ), 
( 10051, TRUE,     FALSE,       'APROBADO', 'nomHu 10051', 'apeHu 10051', 'emailHu 10051', 'Hu', 'huPass 10051', NULL,  1000 ), 
( 10052, TRUE,     FALSE,       'APROBADO', 'nomHu 10052', 'apeHu 10052', 'emailHu 10052', 'Hu', 'huPass 10052', NULL,  1000 ), 
( 10053, TRUE,     FALSE,       'APROBADO', 'nomHu 10053', 'apeHu 10053', 'emailHu 10053', 'Hu', 'huPass 10053', NULL,  1000 ), 
( 10054, TRUE,     FALSE,       'APROBADO', 'nomHu 10054', 'apeHu 10054', 'emailHu 10054', 'Hu', 'huPass 10054', NULL,  1000 ), 
( 10055, TRUE,     FALSE,       'APROBADO', 'nomHu 10055', 'apeHu 10055', 'emailHu 10055', 'Hu', 'huPass 10055', NULL,  1000 ), 
( 10056, TRUE,     FALSE,       'APROBADO', 'nomHu 10056', 'apeHu 10056', 'emailHu 10056', 'Hu', 'huPass 10056', NULL,  1000 ), 
( 10057, TRUE,     FALSE,       'APROBADO', 'nomHu 10057', 'apeHu 10057', 'emailHu 10057', 'Hu', 'huPass 10057', NULL,  1000 ), 
( 10058, TRUE,     FALSE,       'APROBADO', 'nomHu 10058', 'apeHu 10058', 'emailHu 10058', 'Hu', 'huPass 10058', NULL,  1000 ), 
( 10059, TRUE,     FALSE,       'APROBADO', 'nomHu 10059', 'apeHu 10059', 'emailHu 10059', 'Hu', 'huPass 10059', NULL,  1000 ), 
( 10060, TRUE,     TRUE,       'APROBADO', 'nomHu 10060', 'apeHu 10060', 'emailHu 10060', 'Hu', 'huPass 10060', NULL,  1000 ), 
( 10061, TRUE,     FALSE,       'APROBADO', 'nomHu 10061', 'apeHu 10061', 'emailHu 10061', 'Hu', 'huPass 10061', NULL,  1000 ), 
( 10062, TRUE,     FALSE,       'APROBADO', 'nomHu 10062', 'apeHu 10062', 'emailHu 10062', 'Hu', 'huPass 10062', NULL,  1000 ), 
( 10063, TRUE,     FALSE,       'APROBADO', 'nomHu 10063', 'apeHu 10063', 'emailHu 10063', 'Hu', 'huPass 10063', NULL,  1000 ), 
( 10064, TRUE,     FALSE,       'APROBADO', 'nomHu 10064', 'apeHu 10064', 'emailHu 10064', 'Hu', 'huPass 10064', NULL,  1000 ), 
( 10065, TRUE,     FALSE,       'APROBADO', 'nomHu 10065', 'apeHu 10065', 'emailHu 10065', 'Hu', 'huPass 10065', NULL,  1000 ), 
( 10066, TRUE,     FALSE,       'APROBADO', 'nomHu 10066', 'apeHu 10066', 'emailHu 10066', 'Hu', 'huPass 10066', NULL,  1000 ), 
( 10067, FALSE,     FALSE,       'APROBADO', 'nomHu 10067', 'apeHu 10067', 'emailHu 10067', 'Hu', 'huPass 10067', NULL,  1000 ), 
( 10068, TRUE,     FALSE,       'APROBADO', 'nomHu 10068', 'apeHu 10068', 'emailHu 10068', 'Hu', 'huPass 10068', NULL,  1000 ), 
( 10069, TRUE,     FALSE,       'APROBADO', 'nomHu 10069', 'apeHu 10069', 'emailHu 10069', 'Hu', 'huPass 10069', NULL,  1000 ), 
( 10070, TRUE,     FALSE,       'APROBADO', 'nomHu 10070', 'apeHu 10070', 'emailHu 10070', 'Hu', 'huPass 10070', NULL,  1000 ), 
( 10071, TRUE,     FALSE,       'APROBADO', 'nomHu 10071', 'apeHu 10071', 'emailHu 10071', 'Hu', 'huPass 10071', NULL,  1000 ), 
( 10072, TRUE,     FALSE,       'APROBADO', 'nomHu 10072', 'apeHu 10072', 'emailHu 10072', 'Hu', 'huPass 10072', NULL,  1000 ), 
( 10073, FALSE,     FALSE,       'APROBADO', 'nomHu 10073', 'apeHu 10073', 'emailHu 10073', 'Hu', 'huPass 10073', NULL,  1000 ), 
( 10074, TRUE,     FALSE,       'APROBADO', 'nomHu 10074', 'apeHu 10074', 'emailHu 10074', 'Hu', 'huPass 10074', NULL,  1000 ), 
( 10075, TRUE,     FALSE,       'APROBADO', 'nomHu 10075', 'apeHu 10075', 'emailHu 10075', 'Hu', 'huPass 10075', NULL,  1000 ), 
( 10076, TRUE,     FALSE,       'APROBADO', 'nomHu 10076', 'apeHu 10076', 'emailHu 10076', 'Hu', 'huPass 10076', NULL,  1000 ), 
( 10077, TRUE,     FALSE,       'APROBADO', 'nomHu 10077', 'apeHu 10077', 'emailHu 10077', 'Hu', 'huPass 10077', NULL,  1000 ), 
( 10078, TRUE,     FALSE,       'APROBADO', 'nomHu 10078', 'apeHu 10078', 'emailHu 10078', 'Hu', 'huPass 10078', NULL,  1000 ), 
( 10079, TRUE,     FALSE,       'APROBADO', 'nomHu 10079', 'apeHu 10079', 'emailHu 10079', 'Hu', 'huPass 10079', NULL,  1000 ), 
( 10080, TRUE,     FALSE,       'APROBADO', 'nomHu 10080', 'apeHu 10080', 'emailHu 10080', 'Hu', 'huPass 10080', NULL,  1000 ), 
( 10081, TRUE,     FALSE,       'APROBADO', 'nomHu 10081', 'apeHu 10081', 'emailHu 10081', 'Hu', 'huPass 10081', NULL,  1000 ), 
( 10082, TRUE,     FALSE,       'APROBADO', 'nomHu 10082', 'apeHu 10082', 'emailHu 10082', 'Hu', 'huPass 10082', NULL,  1000 ), 
( 10083, TRUE,     FALSE,       'APROBADO', 'nomHu 10083', 'apeHu 10083', 'emailHu 10083', 'Hu', 'huPass 10083', NULL,  1000 ), 
( 10084, TRUE,     TRUE,       'APROBADO', 'nomHu 10084', 'apeHu 10084', 'emailHu 10084', 'Hu', 'huPass 10084', NULL,  1000 ), 
( 10085, TRUE,     FALSE,       'APROBADO', 'nomHu 10085', 'apeHu 10085', 'emailHu 10085', 'Hu', 'huPass 10085', NULL,  1000 ), 
( 10086, TRUE,     FALSE,       'APROBADO', 'nomHu 10086', 'apeHu 10086', 'emailHu 10086', 'Hu', 'huPass 10086', NULL,  1000 ), 
( 10087, TRUE,     FALSE,       'APROBADO', 'nomHu 10087', 'apeHu 10087', 'emailHu 10087', 'Hu', 'huPass 10087', NULL,  1000 ), 
( 10088, TRUE,     FALSE,       'APROBADO', 'nomHu 10088', 'apeHu 10088', 'emailHu 10088', 'Hu', 'huPass 10088', NULL,  1000 ), 
( 10089, TRUE,     FALSE,       'APROBADO', 'nomHu 10089', 'apeHu 10089', 'emailHu 10089', 'Hu', 'huPass 10089', NULL,  1000 ), 
( 10090, TRUE,     FALSE,       'RECHAZADO', 'nomHu 10090', 'apeHu 10090', 'emailHu 10090', 'Hu', 'huPass 10090', NULL,  1000 ), 
( 10091, TRUE,     FALSE,       'RECHAZADO', 'nomHu 10091', 'apeHu 10091', 'emailHu 10091', 'Hu', 'huPass 10091', NULL,  1000 ), 
( 10092, FALSE,     FALSE,       'RECHAZADO', 'nomHu 10092', 'apeHu 10092', 'emailHu 10092', 'Hu', 'huPass 10092', NULL,  1000 ), 
( 10093, TRUE,     FALSE,       'RECHAZADO', 'nomHu 10093', 'apeHu 10093', 'emailHu 10093', 'Hu', 'huPass 10093', NULL,  1000 ), 
( 10094, TRUE,     FALSE,       'APROBADO', 'nomHu 10094', 'apeHu 10094', 'emailHu 10094', 'Hu', 'huPass 10094', NULL,  1000 ), 
( 10095, TRUE,     FALSE,       'APROBADO', 'nomHu 10095', 'apeHu 10095', 'emailHu 10095', 'Hu', 'huPass 10095', NULL,  1000 ), 
( 10096, TRUE,     FALSE,       'APROBADO', 'nomHu 10096', 'apeHu 10096', 'emailHu 10096', 'Hu', 'huPass 10096', NULL,  1000 ), 
( 10097, TRUE,     TRUE,       'APROBADO', 'nomHu 10097', 'apeHu 10097', 'emailHu 10097', 'Hu', 'huPass 10097', NULL,  1000 ), 
( 10098, TRUE,     FALSE,       'APROBADO', 'nomHu 10098', 'apeHu 10098', 'emailHu 10098', 'Hu', 'huPass 10098', NULL,  1000 ), 
( 10099, TRUE,     FALSE,       'APROBADO', 'nomHu 10099', 'apeHu 10099', 'emailHu 10099', 'Hu', 'huPass 10099', NULL,  1000 ), 
( 100100, TRUE,     FALSE,       'APROBADO', 'nomHu 100100', 'apeHu 100100', 'emailHu 100100', 'Hu', 'huPass 100100', NULL,  1000 ), 
( 100101, TRUE,     FALSE,       'APROBADO', 'nomHu 100101', 'apeHu 100101', 'emailHu 100101', 'Hu', 'huPass 100101', NULL,  1000 ), 
( 100102, TRUE,     FALSE,       'APROBADO', 'nomHu 100102', 'apeHu 100102', 'emailHu 100102', 'Hu', 'huPass 100102', NULL,  1000 ), 
( 100103, TRUE,     FALSE,       'APROBADO', 'nomHu 100103', 'apeHu 100103', 'emailHu 100103', 'Hu', 'huPass 100103', NULL,  1000 ), 
( 100104, TRUE,     FALSE,       'APROBADO', 'nomHu 100104', 'apeHu 100104', 'emailHu 100104', 'Hu', 'huPass 100104', NULL,  1000 ), 
( 100105, TRUE,     FALSE,       'APROBADO', 'nomHu 100105', 'apeHu 100105', 'emailHu 100105', 'Hu', 'huPass 100105', NULL,  1000 ), 
( 100106, TRUE,     FALSE,       'APROBADO', 'nomHu 100106', 'apeHu 100106', 'emailHu 100106', 'Hu', 'huPass 100106', NULL,  1000 ), 
( 100107, TRUE,     FALSE,       'APROBADO', 'nomHu 100107', 'apeHu 100107', 'emailHu 100107', 'Hu', 'huPass 100107', NULL,  1000 ), 
( 100108, TRUE,     FALSE,       'APROBADO', 'nomHu 100108', 'apeHu 100108', 'emailHu 100108', 'Hu', 'huPass 100108', NULL,  1000 ), 
( 100109, TRUE,     FALSE,       'APROBADO', 'nomHu 100109', 'apeHu 100109', 'emailHu 100109', 'Hu', 'huPass 100109', NULL,  1000 ), 
( 100110, TRUE,     FALSE,       'APROBADO', 'nomHu 100110', 'apeHu 100110', 'emailHu 100110', 'Hu', 'huPass 100110', NULL,  1000 ), 
( 100111, TRUE,     FALSE,       'APROBADO', 'nomHu 100111', 'apeHu 100111', 'emailHu 100111', 'Hu', 'huPass 100111', NULL,  1000 ), 
( 100112, TRUE,     FALSE,       'APROBADO', 'nomHu 100112', 'apeHu 100112', 'emailHu 100112', 'Hu', 'huPass 100112', NULL,  1000 ), 
( 100113, TRUE,     FALSE,       'APROBADO', 'nomHu 100113', 'apeHu 100113', 'emailHu 100113', 'Hu', 'huPass 100113', NULL,  1000 ), 
( 100114, TRUE,     FALSE,       'APROBADO', 'nomHu 100114', 'apeHu 100114', 'emailHu 100114', 'Hu', 'huPass 100114', NULL,  1000 ), 
( 100115, TRUE,     TRUE,       'APROBADO', 'nomHu 100115', 'apeHu 100115', 'emailHu 100115', 'Hu', 'huPass 100115', NULL,  1000 ), 
( 100116, TRUE,     FALSE,       'APROBADO', 'nomHu 100116', 'apeHu 100116', 'emailHu 100116', 'Hu', 'huPass 100116', NULL,  1000 ), 
( 100117, TRUE,     FALSE,       'APROBADO', 'nomHu 100117', 'apeHu 100117', 'emailHu 100117', 'Hu', 'huPass 100117', NULL,  1000 ), 
( 100118, TRUE,     FALSE,       'APROBADO', 'nomHu 100118', 'apeHu 100118', 'emailHu 100118', 'Hu', 'huPass 100118', NULL,  1000 ), 
( 100119, TRUE,     FALSE,       'APROBADO', 'nomHu 100119', 'apeHu 100119', 'emailHu 100119', 'Hu', 'huPass 100119', NULL,  1000 ), 
( 100120, TRUE,     FALSE,       'APROBADO', 'nomHu 100120', 'apeHu 100120', 'emailHu 100120', 'Hu', 'huPass 100120', NULL,  1000 ), 
( 100121, TRUE,     FALSE,       'APROBADO', 'nomHu 100121', 'apeHu 100121', 'emailHu 100121', 'Hu', 'huPass 100121', NULL,  1000 ), 
( 100122, TRUE,     FALSE,       'APROBADO', 'nomHu 100122', 'apeHu 100122', 'emailHu 100122', 'Hu', 'huPass 100122', NULL,  1000 ), 
( 100123, TRUE,     FALSE,       'APROBADO', 'nomHu 100123', 'apeHu 100123', 'emailHu 100123', 'Hu', 'huPass 100123', NULL,  1000 ), 
( 100124, TRUE,     TRUE,       'APROBADO', 'nomHu 100124', 'apeHu 100124', 'emailHu 100124', 'Hu', 'huPass 100124', NULL,  1000 ), 
( 100125, TRUE,     FALSE,       'APROBADO', 'nomHu 100125', 'apeHu 100125', 'emailHu 100125', 'Hu', 'huPass 100125', NULL,  1000 ), 
( 100126, TRUE,     FALSE,       'PENDIENTE', 'nomHu 100126', 'apeHu 100126', 'emailHu 100126', 'Hu', 'huPass 100126', NULL,  1000 ), 
( 100127, TRUE,     FALSE,       'APROBADO', 'nomHu 100127', 'apeHu 100127', 'emailHu 100127', 'Hu', 'huPass 100127', NULL,  1000 ), 
( 100128, TRUE,     FALSE,       'APROBADO', 'nomHu 100128', 'apeHu 100128', 'emailHu 100128', 'Hu', 'huPass 100128', NULL,  1000 ), 
( 100129, TRUE,     FALSE,       'APROBADO', 'nomHu 100129', 'apeHu 100129', 'emailHu 100129', 'Hu', 'huPass 100129', NULL,  1000 ), 
( 100130, TRUE,     FALSE,       'APROBADO', 'nomHu 100130', 'apeHu 100130', 'emailHu 100130', 'Hu', 'huPass 100130', NULL,  1000 ), 
( 100131, TRUE,     FALSE,       'PENDIENTE', 'nomHu 100131', 'apeHu 100131', 'emailHu 100131', 'Hu', 'huPass 100131', NULL,  1000 ), 
( 100132, TRUE,     FALSE,       'APROBADO', 'nomHu 100132', 'apeHu 100132', 'emailHu 100132', 'Hu', 'huPass 100132', NULL,  1000 ), 
( 100133, TRUE,     FALSE,       'APROBADO', 'nomHu 100133', 'apeHu 100133', 'emailHu 100133', 'Hu', 'huPass 100133', NULL,  1000 ), 
( 100134, TRUE,     FALSE,       'APROBADO', 'nomHu 100134', 'apeHu 100134', 'emailHu 100134', 'Hu', 'huPass 100134', NULL,  1000 ), 
( 100135, TRUE,     FALSE,       'APROBADO', 'nomHu 100135', 'apeHu 100135', 'emailHu 100135', 'Hu', 'huPass 100135', NULL,  1000 ), 
( 100136, TRUE,     FALSE,       'APROBADO', 'nomHu 100136', 'apeHu 100136', 'emailHu 100136', 'Hu', 'huPass 100136', NULL,  1000 ), 
( 100137, TRUE,     FALSE,       'APROBADO', 'nomHu 100137', 'apeHu 100137', 'emailHu 100137', 'Hu', 'huPass 100137', NULL,  1000 ), 
( 100138, TRUE,     FALSE,       'APROBADO', 'nomHu 100138', 'apeHu 100138', 'emailHu 100138', 'Hu', 'huPass 100138', NULL,  1000 ), 
( 100139, TRUE,     FALSE,       'APROBADO', 'nomHu 100139', 'apeHu 100139', 'emailHu 100139', 'Hu', 'huPass 100139', NULL,  1000 ), 
( 100140, TRUE,     FALSE,       'APROBADO', 'nomHu 100140', 'apeHu 100140', 'emailHu 100140', 'Hu', 'huPass 100140', NULL,  1000 ), 
( 100141, TRUE,     FALSE,       'PENDIENTE', 'nomHu 100141', 'apeHu 100141', 'emailHu 100141', 'Hu', 'huPass 100141', NULL,  1000 ), 
( 100142, TRUE,     FALSE,       'APROBADO', 'nomHu 100142', 'apeHu 100142', 'emailHu 100142', 'Hu', 'huPass 100142', NULL,  1000 ), 
( 100143, TRUE,     FALSE,       'APROBADO', 'nomHu 100143', 'apeHu 100143', 'emailHu 100143', 'Hu', 'huPass 100143', NULL,  1000 ), 
( 100144, TRUE,     FALSE,       'APROBADO', 'nomHu 100144', 'apeHu 100144', 'emailHu 100144', 'Hu', 'huPass 100144', NULL,  1000 ), 
( 100145, TRUE,     FALSE,       'APROBADO', 'nomHu 100145', 'apeHu 100145', 'emailHu 100145', 'Hu', 'huPass 100145', NULL,  1000 ), 
( 100146, TRUE,     FALSE,       'APROBADO', 'nomHu 100146', 'apeHu 100146', 'emailHu 100146', 'Hu', 'huPass 100146', NULL,  1000 ), 
( 100147, TRUE,     FALSE,       'APROBADO', 'nomHu 100147', 'apeHu 100147', 'emailHu 100147', 'Hu', 'huPass 100147', NULL,  1000 ), 
( 100148, TRUE,     FALSE,       'APROBADO', 'nomHu 100148', 'apeHu 100148', 'emailHu 100148', 'Hu', 'huPass 100148', NULL,  1000 ), 
( 100149, TRUE,     FALSE,       'APROBADO', 'nomHu 100149', 'apeHu 100149', 'emailHu 100149', 'Hu', 'huPass 100149', NULL,  1000 ), 
( 100150, TRUE,     FALSE,       'APROBADO', 'nomHu 100150', 'apeHu 100150', 'emailHu 100150', 'Hu', 'huPass 100150', NULL,  1000 );

INSERT INTO dt_direccion 
(id, calle, ciudad, numero, pais )
VALUES
( 1001, 'calle_dir$', 'ciudad 1001', ' 1001', 'pais_ 1001'),
( 1002, 'calle_dir$', 'ciudad 1002', ' 1001', 'pais_ 1000'),
( 1003, 'calle_dir$', 'ciudad 1000', ' 1001', 'pais_ 1001'),
( 1004, 'calle_dir$', 'ciudad 1001', ' 1001', 'pais_ 1001'),
( 1005, 'calle_dir$', 'ciudad 1002', ' 1001', 'pais_ 1001'),
( 1006, 'calle_dir$', 'ciudad 1000', ' 1001', 'pais_ 1000'),
( 1007, 'calle_dir$', 'ciudad 1001', ' 1001', 'pais_ 1001'),
( 1008, 'calle_dir$', 'ciudad 1002', ' 1001', 'pais_ 1000'),
( 1009, 'calle_dir$', 'ciudad 1000', ' 1001', 'pais_ 1001'),
( 10010, 'calle_dir$', 'ciudad 1001', ' 1001', 'pais_ 1001'),
( 10011, 'calle_dir$', 'ciudad 1002', ' 1001', 'pais_ 1001'),
( 10012, 'calle_dir$', 'ciudad 1000', ' 1001', 'pais_ 1000'),
( 10013, 'calle_dir$', 'ciudad 1001', ' 1001', 'pais_ 1001'),
( 10014, 'calle_dir$', 'ciudad 1002', ' 1001', 'pais_ 1000'),
( 10015, 'calle_dir$', 'ciudad 1000', ' 1001', 'pais_ 1001'),
( 10016, 'calle_dir$', 'ciudad 1001', ' 1001', 'pais_ 1001'),
( 10017, 'calle_dir$', 'ciudad 1002', ' 1001', 'pais_ 1001'),
( 10018, 'calle_dir$', 'ciudad 1000', ' 1001', 'pais_ 1000'),
( 10019, 'calle_dir$', 'ciudad 1001', ' 1001', 'pais_ 1001'),
( 10020, 'calle_dir$', 'ciudad 1002', ' 1001', 'pais_ 1000'),
( 10021, 'calle_dir$', 'ciudad 1000', ' 1001', 'pais_ 1001'),
( 10022, 'calle_dir$', 'ciudad 1001', ' 1001', 'pais_ 1001'),
( 10023, 'calle_dir$', 'ciudad 1002', ' 1001', 'pais_ 1001'),
( 10024, 'calle_dir$', 'ciudad 1000', ' 1001', 'pais_ 1000'),
( 10025, 'calle_dir$', 'ciudad 1001', ' 1001', 'pais_ 1001'),
( 10026, 'calle_dir$', 'ciudad 1002', ' 1001', 'pais_ 1000'),
( 10027, 'calle_dir$', 'ciudad 1000', ' 1001', 'pais_ 1001'),
( 10028, 'calle_dir$', 'ciudad 1001', ' 1001', 'pais_ 1000'),
( 10029, 'calle_dir$', 'ciudad 1002', ' 1001', 'pais_ 1001'),
( 10030, 'calle_dir$', 'ciudad 1000', ' 1001', 'pais_ 1000'),
( 10031, 'calle_dir$', 'ciudad 1001', ' 1001', 'pais_ 1001'),
( 10032, 'calle_dir$', 'ciudad 1002', ' 1001', 'pais_ 1000'),
( 10033, 'calle_dir$', 'ciudad 1000', ' 1001', 'pais_ 1001'),
( 10034, 'calle_dir$', 'ciudad 1001', ' 1001', 'pais_ 1000'),
( 10035, 'calle_dir$', 'ciudad 1002', ' 1001', 'pais_ 1001'),
( 10036, 'calle_dir$', 'ciudad 1000', ' 1001', 'pais_ 1000'),
( 10037, 'calle_dir$', 'ciudad 1001', ' 1001', 'pais_ 1001'),
( 10038, 'calle_dir$', 'ciudad 1002', ' 1001', 'pais_ 1000'),
( 10039, 'calle_dir$', 'ciudad 1000', ' 1001', 'pais_ 1001'),
( 10040, 'calle_dir$', 'ciudad 1001', ' 1001', 'pais_ 1000'),
( 10041, 'calle_dir$', 'ciudad 1002', ' 1001', 'pais_ 1001'),
( 10042, 'calle_dir$', 'ciudad 1000', ' 1001', 'pais_ 1000'),
( 10043, 'calle_dir$', 'ciudad 1001', ' 1001', 'pais_ 1001'),
( 10044, 'calle_dir$', 'ciudad 1002', ' 1001', 'pais_ 1000'),
( 10045, 'calle_dir$', 'ciudad 1000', ' 1001', 'pais_ 1001'),
( 10046, 'calle_dir$', 'ciudad 1001', ' 1001', 'pais_ 1000'),
( 10047, 'calle_dir$', 'ciudad 1002', ' 1001', 'pais_ 1001'),
( 10048, 'calle_dir$', 'ciudad 1000', ' 1001', 'pais_ 1000'),
( 10049, 'calle_dir$', 'ciudad 1001', ' 1001', 'pais_ 1001');



INSERT INTO alojamientos  
(anfitrion_id, activo, alojamiento_dir, nombre, descripcion  )
VALUES
( 10022, TRUE,  1001, 'nombreAloj_ 10022_ 1000', 'desc_ 10022_ 1000' ), 
( 10023, TRUE,  1002, 'nombreAloj_ 10023_ 1000', 'desc_ 10023_ 1000' ), 
( 10023, TRUE,  1003, 'nombreAloj_ 10023_ 1001', 'desc_ 10023_ 1001' ), 
( 10025, TRUE,  1004, 'nombreAloj_ 10025_ 1000', 'desc_ 10025_ 1000' ), 
( 10026, TRUE,  1005, 'nombreAloj_ 10026_ 1000', 'desc_ 10026_ 1000' ), 
( 10026, TRUE,  1006, 'nombreAloj_ 10026_ 1001', 'desc_ 10026_ 1001' ), 
( 10028, TRUE,  1007, 'nombreAloj_ 10028_ 1000', 'desc_ 10028_ 1000' ), 
( 10029, TRUE,  1008, 'nombreAloj_ 10029_ 1000', 'desc_ 10029_ 1000' ), 
( 10029, TRUE,  1009, 'nombreAloj_ 10029_ 1001', 'desc_ 10029_ 1001' ), 
( 10031, TRUE,  10010, 'nombreAloj_ 10031_ 1000', 'desc_ 10031_ 1000' ), 
( 10032, TRUE,  10011, 'nombreAloj_ 10032_ 1000', 'desc_ 10032_ 1000' ), 
( 10032, TRUE,  10012, 'nombreAloj_ 10032_ 1001', 'desc_ 10032_ 1001' ), 
( 10034, TRUE,  10013, 'nombreAloj_ 10034_ 1000', 'desc_ 10034_ 1000' ), 
( 10035, TRUE,  10014, 'nombreAloj_ 10035_ 1000', 'desc_ 10035_ 1000' ), 
( 10035, TRUE,  10015, 'nombreAloj_ 10035_ 1001', 'desc_ 10035_ 1001' ), 
( 10037, TRUE,  10016, 'nombreAloj_ 10037_ 1000', 'desc_ 10037_ 1000' ), 
( 10038, TRUE,  10017, 'nombreAloj_ 10038_ 1000', 'desc_ 10038_ 1000' ), 
( 10038, TRUE,  10018, 'nombreAloj_ 10038_ 1001', 'desc_ 10038_ 1001' ), 
( 10040, TRUE,  10019, 'nombreAloj_ 10040_ 1000', 'desc_ 10040_ 1000' ), 
( 10041, TRUE,  10020, 'nombreAloj_ 10041_ 1000', 'desc_ 10041_ 1000' ), 
( 10041, TRUE,  10021, 'nombreAloj_ 10041_ 1001', 'desc_ 10041_ 1001' ), 
( 10043, TRUE,  10022, 'nombreAloj_ 10043_ 1000', 'desc_ 10043_ 1000' ), 
( 10044, TRUE,  10023, 'nombreAloj_ 10044_ 1000', 'desc_ 10044_ 1000' ), 
( 10044, TRUE,  10024, 'nombreAloj_ 10044_ 1001', 'desc_ 10044_ 1001' ), 
( 10046, TRUE,  10025, 'nombreAloj_ 10046_ 1000', 'desc_ 10046_ 1000' ), 
( 10047, TRUE,  10026, 'nombreAloj_ 10047_ 1000', 'desc_ 10047_ 1000' ), 
( 10047, TRUE,  10027, 'nombreAloj_ 10047_ 1001', 'desc_ 10047_ 1001' ), 
( 10049, TRUE,  10028, 'nombreAloj_ 10049_ 1000', 'desc_ 10049_ 1000' );